id,body,subreddit,created_utc,year_month,analysis,pv,tah,dhs,cst,cr,rx,mg
exz2xo2,"For real. Your edit’s a bit too late, though.

Nah. A lot of reasons, one being that song—“Khul Kabhi”. 😌",bakchodi,1566660262,2019-08,"Neutral comment about a song and timing, no profanity or abuse.",0,0,0,0,0,0,0
eymnqs7,Man this is India... Many people don't give a F**k to Hollywood Movies here... Obviously the Bollywood will stay dominant in India... #2 is not a bad spot though :),saimansays,1567214478,2019-08,"Comment about Bollywood dominance, no profanity or abuse.",0,0,0,0,0,0,0
exz2ndm,Fuck off with this normie shit,indiandankmemes,1566660150,2019-08,"Profanity directed at an abstract target, no personal abuse.",1,0,0,0,0,0,0
exzcv81,"Time to log off for a bit, boyo. You're starting to believe chaddigang bullshit.",librandu,1566664130,2019-08,"Political term 'chaddigang' used as criticism, no religious identity attack.",0,0,0,0,0,0,0
exzezyh,Thank you !! For doing that.,indiadiscussion,1566665059,2019-08,"Thankful comment, no issues.",0,0,0,0,0,0,0
exz91ha,"Amrita is super underrated, I used to love her back in the day.",bollyblindsngossip,1566662634,2019-08,"Positive comment about a person, no issues.",0,0,0,0,0,0,0
exz8t4e,India is the biggest English speaking democracy,canconfirmiamindian,1566662537,2019-08,"Factual statement, no issues.",0,0,0,0,0,0,0
edoikvm,"So my sources tell me that it's a ""known"" thing that Gauri doesn’t design much. Instead, she has on her payroll a team of interior designers and architects. She has accepted in interviews that *she provides platform for others to sell their furniture*. *Her job is to get big clients and leave the job to her team*.   


Technically, she is like a middleman taking **hefty** commissions for getting clients. Gauri has been promoting her store internationally &amp; more tie-ups with leading design brands to make a point to PC. She doesn't want to be told that she is just a star wife. \*Eye Roll\*   


If you would notice, there are less and less pics of her partying with her gal pals and more of clients, tie-ups and exhibitions. ",bollyblindsngossip,1547085651,2019-01,"Critical but professional commentary about a public figure's work, no personal abuse.",0,0,0,0,0,0,0
edorhgc,"Bas usko aese karo aab ""[text] (link)""",bakchodi,1547092912,2019-01,"Incomplete comment, no clear target or profanity.",0,0,0,0,0,0,0
ee91xpw,it's been this way since  2 years and more,indiadiscussion,1547699164,2019-01,"Neutral statement about duration, no issues.",0,0,0,0,0,0,0
eyq3p9o,Most of the province will be poor. Much poorer than now.,bakchodi,1567323298,2019-09,"Prediction about economic conditions, no abuse.",0,0,0,0,0,0,0
eyq1mks,"Maybe if India invades Pakistan, then it can develop it into a first world nation?",canconfirmiamindian,1567320317,2019-09,"Hypothetical political statement, no personal attack or hate speech.",0,0,0,0,0,0,0
eyq2vgc,Thats sad tbh,saimansays,1567322066,2019-09,"Expression of sadness, no issues.",0,0,0,0,0,0,0
eypzppf,"&gt; katua ... dindu

No.",librandu,1567317769,2019-09,"Quoting slurs without endorsement, no clear target.",0,0,0,0,0,0,0
eyq7m1y,I auditioned for this movie :(,bollyblindsngossip,1567329557,2019-09,"Personal statement about audition, no issues.",0,0,0,0,0,0,0
eyq4zwl,I believed there's nothing wrong in being polite. I think I was wrong.,indiadiscussion,1567325293,2019-09,"Reflective comment, no issues.",0,0,0,0,0,0,0
eyq65ca,Lord Ram???.......Bhagwan Ram!,indiandankmemes,1567327123,2019-09,"Religious reference, no hostility.",0,0,0,0,0,0,0
eyq7y3h,"I think as Indians we have a different concept of marriage. Guess if you want to stick to the stereotypes and want to just marry because that is expected of us- then go ahead. For me marriage is companionships, attraction, trust and love. If that’s not there then I would always pull the plug. I have been in this situation before and I called it off. I know this will be an unpopular opinion - but I need to be in love before I get married - arrange marriage or not.",arrangedmarriage,1567330094,2019-09,"Opinion on marriage, no abuse.",0,0,0,0,0,0,0
eymu4xu,"You are looking to marry, not date and fall in love. Marriage is work. The only successful marriages are the ones where both wish to stay married. Rest of the stuff like compatibility, attraction etc are not as important as commitment.  Keeping that in mind, make your decision.",arrangedmarriage,1567220050,2019-08,"Advice on marriage, no abuse.",0,0,0,0,0,0,0
eoqk8ek,Bakri vi pregnant nahi hui?,bakchodi,1558793140,2019-05,"Question about animal pregnancy, no issues.",0,0,0,0,0,0,0
eoqeaf7,My nibba living on 0.00kb/s,saimansays,1558790443,2019-05,"No profanity, no target, just a playful comment about slow internet.",0,0,0,0,0,0,0
eoqaa97,"Excuse me why modi will be in every house ?
Wait....",canconfirmiamindian,1558788316,2019-05,"Question about Modi's presence, no profanity or abuse.",0,0,0,0,0,0,0
eoq7xcg,"I have seen at least 2 IDs whose posts are only about all the bad things that happen in India. Literally not even a single good thing or anything off-topic and that account was also kinda regular.

Pakistan mein unemployment kuch zaada he ho rahi hai ya saalo ka kaam he yehi hai?",indiadiscussion,1558786996,2019-05,"Criticism of accounts posting negative content about India, with a rhetorical question about Pakistan, but no direct hate speech.",0,0,0,0,0,0,0
eoqg17f,It is already there.,bollyblindsngossip,1558791276,2019-05,"Neutral statement, no profanity or abuse.",0,0,0,0,0,0,0
eoqbuzk,"&gt;She told me that that might not be such a good idea

&amp;#x200B;

It isn't. You will learn this hard way like i did. You aren't castist or were not doctrined to think in a particular manner but believe me most people are.",librandu,1558789182,2019-05,"Discussion about casteism, no profanity or direct attack.",0,0,0,0,0,0,0
eubg4lu,"Saare students kal apni fees submit karengey
Yeh 3 Backbenchers :",bakchodi,1563647272,2019-07,"Humorous comment about students, no profanity or abuse.",0,0,0,0,0,0,0
eub7h79,"Deepika can't just wait for SLB to come up with movies for her, she has to go out there and do other movies. Movies like Chapak are good for critical acclaim and establishing solo success, but ultimately you need big commercial films to maintain your position. 83 is just a cameo role apparently, so she needs other big films. Considering that a big Khan movie doesn't really need that level of starpower, so she won't get her rate, this is a good option. 

Looking from a commercial point of view, Luv Ranjan's brand is clearly something that works for the audience. Pyaar Ka Punchnama 2, Sonu Ke Titu Ki Sweety, and De De Pyaar De aren't just hit movies, they are movies that have held really well, meaning big acceptance. If he can retain that sense of humour and breeziness that those movies have, and add action to that plus the star power that Ranbir and Deepika are bringing, it has potential to be a big win for all.",bollyblindsngossip,1563641456,2019-07,"Detailed analysis of Deepika's career choices, no profanity or abuse.",0,0,0,0,0,0,0
eslwpab,"Send this one back to the rice fields, Gulal",saimansays,1562093678,2019-07,"Racial slur 'rice fields' targeting a person, implying they belong in fields, which is xenophobic.",0,1,1,0,0,1,0
eslv713,"School and random shootings are becoming regular thing in United States, I hope you know about and mostly people who gets bullied are the shooters. If you don't match beauty standards set by them, then you are an outcast. Hope I was able to clarify.",canconfirmiamindian,1562092825,2019-07,"Discussion about school shootings and bullying, no profanity or abuse.",0,0,0,0,0,0,0
eslzsy0,Which mod?,indiadiscussion,1562095355,2019-07,"Simple question, no profanity or abuse.",0,0,0,0,0,0,0
eub7uof,Prolly a benami,librandu,1563641704,2019-07,"Speculative comment, no profanity or abuse.",0,0,0,0,0,0,0
eiyk1j5,inshaalla inshalla,bakchodi,1553092302,2019-03,"Religious phrase, no profanity or abuse.",0,0,0,0,0,0,0
eiyb3vq,Old meme reeeeeeeeeeeee normreeeeee,indiandankmemes,1553085268,2019-03,"Meme comment, no profanity or abuse.",0,0,0,0,0,0,0
eiyjule,"lmao totally diff lol

Ranveer ne force hug diya hai, basically saying ""Ki beta kuchh nahi tu nahi jeeta, apun ka acting ichh hi blowing hai re""",bollyblindsngossip,1553092168,2019-03,"Humorous comment about Ranveer Singh, no profanity or abuse.",0,0,0,0,0,0,0
eiygic8,"Well , how would you get karma if u dont post lmao",saimansays,1553089726,2019-03,"Question about karma, no profanity or abuse.",0,0,0,0,0,0,0
eiye5tk,It's a thing now.,indiadiscussion,1553087916,2019-03,"Neutral statement, no profanity or abuse.",0,0,0,0,0,0,0
eiyhfzo,This guy is the reason i don't like pokemon.,canconfirmiamindian,1553090421,2019-03,"Personal opinion about a person, no profanity or abuse.",0,0,0,0,0,0,0
eubevs4,Sahi hain boss... Lol,indiandankmemes,1563646445,2019-07,"Casual agreement, no profanity or abuse.",0,0,0,0,0,0,0
egqld65,"funny how a white knight left winger started comments in his post by calling 2 girls whores. 

again saying this, no wonder most of the metoo'ed ones were left/liberals. 

",saimansays,1550508799,2019-02,"Accuses someone of calling women whores, but the comment itself does not contain profanity or direct hate speech.",0,0,0,0,0,0,0
egqromb,"
[Here's](https://i.imgur.com/qQHBO0V.jpg) your RedditGaumutra, u/Hindu_Grey  
  
Given by u/Meribetisunnyleone  

&gt;(**Hindu_Grey** has received RedditGaumutra **1** times)
  
***  
I am a bot. Beep Boop. Have I gone rogue? Contact the mods or [this guy](http://reddit.com/u/Meribetisunnyleone)

",bakchodi,1550513345,2019-02,"Bot message, no profanity or abuse.",0,0,0,0,0,0,0
egql119,Oh boy. Many subs follow this practice. Spend a little time around. U will come to know,indiadiscussion,1550508557,2019-02,"Neutral observation about subreddit practices, no target or profanity.",0,0,0,0,0,0,0
egqsufo,Did he mention hours coz he must be logging in 16 hours per day.,bollyblindsngossip,1550514182,2019-02,"Sarcastic comment about someone's hours, no profanity or personal attack.",0,0,0,0,0,0,0
egqnmd4,"Only highly educated and us culturally progressive people who pay for (((Netflix))) deserve to see tits.

/s",canconfirmiamindian,1550510440,2019-02,"Sarcastic comment mocking elitism, no profanity or targeted abuse.",0,0,0,0,0,0,0
eiyk1j5,inshaalla inshalla,bakchodi,1553092302,2019-03,"Religious phrase, no hostility or target.",0,0,0,0,0,0,0
eub86d3,The Pioneer.,bakchodi,1563641925,2019-07,"Single word, no context, no profanity or abuse.",0,0,0,0,0,0,0
ee91d44,"Hello dear user,

Your application for the post of mod is still under consideration. You have yet not submitted three copies of your Aadhaar card, PAN card, 6 month's bank statement, bank account &amp; credit card details and n00dz of your GF(please do not send pictures of your hand). Please provide the required documents so that we can do the needful. Please note once you submit all the documents you will receive OTP, you need to submit that OTP to me. 

Thanks!",bakchodi,1547698634,2019-01,"Humorous mock application, no profanity or targeted abuse.",0,0,0,0,0,0,0
eyq15ym,noob playing mobile game on pc. btw why the fuck you are using winxp era fonts?,bakchodi,1567319687,2019-09,"Insult directed at a person with profanity, no identity basis.",1,1,0,0,0,0,0
eubfecc,"Waah modiji waah
Aah yogiji aah",bakchodi,1563646787,2019-07,"Sarcastic praise of politicians, no profanity or abuse.",0,0,0,0,0,0,0
eoqhbqn,"That was weird. It make me go through 64, 32, 16, brackets ... to finale.",bollyblindsngossip,1558791878,2019-05,"Confusing comment, no profanity or target.",0,0,0,0,0,0,0
egqu95c,I think this is torture training... So soldiers don't open their mouths...,bakchodi,1550515192,2019-02,"Speculative comment about training, no profanity or target.",0,0,0,0,0,0,0
