index,id_x,body,created_utc,id_y,step_by_step_analysis,profanity_vulgarity,targeted_abuse_harassment,discriminatory_hate_speech,caste,communal_religious,regional_xenophobic,misogyny_gender
366,flzseyo,"Oh oh jaane jana, Gadi mat chalana",1585632125,0,"Benign song lyric, no profanity or target.",0,0,0,0,0,0,0
1606,g2zzfa9,But Our country is more fucked up because half people here are andhbhakt.,1598511670,1,"Profanity used, but target is abstract country and 'andhbhakt' is political, not religious.",1,0,0,0,0,0,0
1475,g2zxyu3,Aye good morning people. Had such a great sleep today after AGES!,1598510336,2,"Positive greeting, no issues.",0,0,0,0,0,0,0
3406,gf9o80l,"Exactly. No matter what bjp does, it will be called fascist.

Rather than being soft on them, they should squash these asshole “protests” that are technically an act of war and deter it from happening again in the future.

Not sure who they are trying to appease.",1607600072,3,"Profanity aimed at protests (abstract), political criticism, no personal or identity target.",1,0,0,0,0,0,0
4291,fv18kuc,"he did not , after analysing the whole situation for last 5 years on the border you will relaize it.
whole thing is hapoening because of a road which china sees as a potential danger for them.",1592329129,4,"Neutral geopolitical discussion, no profanity or attack.",0,0,0,0,0,0,0
5303,fxn5ndv,Its very clear that OPIndia has a Hindu/Right bias while TheWire has a Muslim/far-Left bias.,1594460018,5,"Criticism of media bias, no personal attack or identity slur.",0,0,0,0,0,0,0
4567,fv1d4qm,"EXACTLY. 
We must speak out against the double standards.",1592331279,6,"General statement, no target or profanity.",0,0,0,0,0,0,0
270,flzpij6,**DINNERS READY**,1585629703,7,"Neutral announcement, no issues.",0,0,0,0,0,0,0
5962,fxnpz2e,well it's actually just a police officer who did it. He used to be a member of the politicians for the last 30 years lol,1594469349,8,"Factual statement about a police officer, no profanity or attack.",0,0,0,0,0,0,0
3521,gf9pnxv,You obviously have something to share. So try to read what you write before hitting send.. I'm getting a stroke trying to understand what your saying.,1607601483,9,"Frustrated criticism of writing, no profanity or personal attack.",0,0,0,0,0,0,0
2446,gdubct2,Bas code likhne ki skill hai. Aur kuch nahi,1606543575,10,"Neutral comment on skills, no issues.",0,0,0,0,0,0,0
3495,gf9pau2,"You have to make a choice. A choice between what you want and what your parents will enforce on you. And remember ,you cannot keep everyone happy. Some people will object your decision. But it is the time to make that decision. Be strong because it is your life, not of your parents.",1607601138,11,"Encouraging advice, no issues.",0,0,0,0,0,0,0
5776,fxnls3z,Bhodrolok cope,1594466564,12,"Regional slang 'Bhodrolok' used dismissively, but no clear target or demeaning context.",0,0,0,0,0,0,0
4303,fv18tgj,Not a bad song tbh,1592329242,13,"Positive opinion, no issues.",0,0,0,0,0,0,0
3867,g60vghg,"Just see this comment. 

https://www.reddit.com/r/NoahGetTheBoat/comments/iwbvzm/there_aint_no_noah_coming_down_to_save_us/g60unqo?utm_medium=android_app&amp;utm_source=share&amp;context=3

😂😂",1600633443,14,"Sharing a link with laughter, no issues.",0,0,0,0,0,0,0
5102,fdn585q,Aap camera k taraf dekh kar hilayie,1578577628,15,"Vulgar instruction directed at a person, but no identity basis.",1,1,0,0,0,0,0
5477,fxn9n7z, Even erstwhile Pakistan didn't trust China on arch rival India - [https://www.dailyo.in/variety/india-china-disengagement-bakra-eid-china-pakistan-coronavirus/story/1/33261.html](https://www.dailyo.in/variety/india-china-disengagement-bakra-eid-china-pakistan-coronavirus/story/1/33261.html),1594461863,16,"Neutral geopolitical discussion, no issues.",0,0,0,0,0,0,0
2912,fonmao7,Top 10 anime betrayal,1587922220,17,"Meme reference, no issues.",0,0,0,0,0,0,0
2371,gduajh9,"New digital propaganda frontier of Hindu rashtra, or vellapanti taken to new heights? Why not both?",1606542903,18,"Political commentary, no personal attack or identity slur.",0,0,0,0,0,0,0
107,g55srjl,😂 haha well said!,1600030110,19,"Positive reaction, no issues.",0,0,0,0,0,0,0
3852,gf9v7lh,Thanks for looking out bro but not all parents care the same :),1607606026,20,"Friendly, supportive comment with no profanity or abuse.",0,0,0,0,0,0,0
295,flzqc4s,"Brutus' wife is named portia too. I think that's commonly spelled porcia though. 

And yes there was Portia in merchant of Venice as well.",1585630370,21,"Neutral literary discussion, no offensive content.",0,0,0,0,0,0,0
3624,gf9r806,ɴᴏᴡ ᴘʟᴀʏɪɴɢ: [Roblox is deleting the &amp;quot](https://www.youtube.com/watch?v=szhxi7xBWBg) ─────────⚪───── ◄◄⠀[▶](https://www.youtube.com/watch?v=szhxi7xBWBg)⠀►►⠀ 7:02 / 10:34 ⠀ ───○ 🔊 ᴴᴰ ⚙️,1607602914,22,"Meme-like text about Roblox, no offensive content.",0,0,0,0,0,0,0
416,flzu0ko,Mahabharat airing on DD Bharti 12PM and 7 PM.,1585633541,23,"Informational comment about TV schedule, no offensive content.",0,0,0,0,0,0,0
4523,fv1cjgt,And your wife sir?,1592330999,24,"Question directed at someone, no offensive content.",0,0,0,0,0,0,0
3893,g60wn38,The real winners here are females who are getting away with making false claims after false claims from both wings : left or right. We have to stop that. Otherwise they will keep milking it.,1600633913,25,"Criticism of women making false claims, generalizing negatively about females, but not targeted at a specific person or group with hate speech.",0,0,0,0,0,0,0
4417,fv1ao5v,"Very succinctly answered Street-Fig. Also made me think of how the narrative around Ranveer changed. From clingy, pervy, cheepo, despo to high energy, friendly, makes everyone feel loved, wearing heart on his sleeve. 
The only thing that actually changed was him becoming successful and finding his groove in the ""it"" crowds.",1592330122,26,"Commentary on a celebrity's image change, no offensive content.",0,0,0,0,0,0,0
4046,g614pd8,Good bot lexi,1600636774,27,"Positive comment to a bot, no offensive content.",0,0,0,0,0,0,0
2819,fonki0k,I dunno create some desihiphop-meme subreddit,1587921228,28,"Suggestion to create a subreddit, no offensive content.",0,0,0,0,0,0,0
5784,fxnm0mq,Me an old subscriber : First Time ?,1594466672,29,"Humorous meme reference, no offensive content.",0,0,0,0,0,0,0
2261,gdu91v4,is sub maa kaun hai Timothy?,1606541698,30,"Question about subreddit moderator, no offensive content.",0,0,0,0,0,0,0
5748,fxnkhaa,"&gt; Oh. Okay. But I guess Indian Muslims or even Pakistanis read Qur'an in Urdu?

I think that's probably the case.

&gt; Or do they first have to learn Arabic to read it in it's true form? Cause as far as I know , most muslims prefer to read it in Arabic to understand it's true meaning lol.

I don't know what Desi Muslims believe. You should ask our ex-Muslim members or go to the Indian exMuslim sub.",1594466026,31,"Discussion about religious texts and practices, neutral and informative.",0,0,0,0,0,0,0
272,flzpix8,We know what we have to do but we are not sure if we have courage to do it,1585629711,32,"General statement about courage, no offensive content.",0,0,0,0,0,0,0
3530,gf9pro9,"&gt;Erynith right? That meme YouTube channel. I immediately unsubscribed after she came out this way

Don’t pop my bubble!!!",1607601581,33,"Expression of disappointment about a YouTuber, no offensive content.",0,0,0,0,0,0,0
551,flzx5xb,"

Snapshots:

1. Corrugation Plant Machinery | Die P... - [archive.org](https://web.archive.org/20200331063456/https://i.redd.it/6siccc6sdyp41.jpg), [archive.today](https://archive.today/loadin)



*I am just a simple bot, **not** a moderator of this subreddit* | [*bot subreddit*](/r/SnapshillBot) | [*contact the maintainers*](/message/compose?to=\/r\/SnapshillBot)",1585636497,34,"Bot message with links, no offensive content.",0,0,0,0,0,0,0
5164,fdn6peu,"&gt;We've lost state elections, we've lost zila parishads.

they always work based on local issue. new bjp head is useless.

people are still nationalistic they vote for bjp based on national issue and vote local parties based on local drama.",1578578785,35,"Political analysis and criticism of BJP leadership, no personal abuse or hate speech.",0,0,0,0,0,0,0
4372,fv1a3rz,Everyone's Tuesday until Wednesday arrives,1592329855,36,"Humorous observation about days of the week, no offensive content.",0,0,0,0,0,0,0
5595,fxndqyc,Similarities to Ajay Bisht's govt is astounding.,1594463653,37,"Comparison to a government, no offensive content.",0,0,0,0,0,0,0
2233,gdu8ra0,Any reason that Kapoors aren’t plugging the show? Nothing from Anil - Rhea- Sonam?,1606541471,38,"Question about celebrity promotion, no offensive content.",0,0,0,0,0,0,0
1774,gdu2bvv,"This guy is posting memes that came out in 2014 and acting like this is the current meme trend.

And people don't even do a reverse image check because InDiA iS a BaCkWaRd ShItHoLe, BrUh.",1606536857,39,"Criticism of meme posting and India's image, no offensive content.",0,0,0,0,0,0,0
2973,fonniks,"Ohh! Tough luck man. Personally, haven’t come across anything like you mentioned. But yeah i have been banned on r/India like most others here and also on r/Mumbai lol",1587922869,40,"Personal anecdote about being banned, no profanity or abuse.",0,0,0,0,0,0,0
5523,fxnb42l,Bro mai thoda boomr hu mujhe samja de yr,1594462504,41,"Asking for explanation, no profanity or abuse.",0,0,0,0,0,0,0
2983,fonnscm,"&gt;all of india centric subreddits are controlled by them directly or indirectly. except this one

beautifully summed up.....",1587923010,42,"Conspiracy claim about subreddit control, no explicit hate.",0,0,0,0,0,0,0
3941,g60zbbr,"Bollywood needs to spend less money on its stars and more on paying/getting some screenwriters. Most of the upcoming films Jersey, lal Singh chadda, laxmi bomb are all remakes. For an industry that is so huge they should be making more original mainstream movies.

Industries like the Malayalam cinema is making great films like cu soon in the middle of a pandemic and Bollywood is busy making remakes.",1600634817,43,"Criticism of Bollywood, no profanity or abuse.",0,0,0,0,0,0,0
2603,fonfu52,thanks but mereko karma se fark ni pdta yar kyuki me reddit kafi kam chalata hu,1587918681,44,"Personal statement about karma, no profanity or abuse.",0,0,0,0,0,0,0
4626,fv1ecly,K I have no prob,1592331846,45,"Simple agreement, no profanity or abuse.",0,0,0,0,0,0,0
3632,gf9rbu6,Carry minati and bb ki vines are super cringe no pun intended,1607603007,46,"Opinion on content creators, no profanity or abuse.",0,0,0,0,0,0,0
5716,fxnj5kc,"Speaking of which his wife dropped Sen from her name and they are living apart. Break up? Or what?

Edit: But she still uses Sen in her YT videos?",1594465421,47,"Speculation about personal life, no profanity or abuse.",0,0,0,0,0,0,0
2409,gduazzz,"Self proclaimed nai bro, ye title bhi BAMAN MOFOs ne hi diya tha and FYI I'm 25 saal ka buzurg...okay !?",1606543281,48,"Profanity used in response to perceived insult, not targeted at a person.",1,0,0,0,0,0,0
3033,fonoqtv,"Actually i was talking about plasmatherapy, lol.

My bad for not mentioning",1587923526,49,"Clarification, no profanity or abuse.",0,0,0,0,0,0,0
